#TYPE System.Management.Automation.PSCustomObject
"subscription","keyvault_name","type","resource_group","deployment_id","owner","engagement_id","building_block","keyvault_softdelete","oms_id","oms_deviation","log_diagnositcs","metric_diagnostics"
"EY-CTSBP-PROD-Advisory-HOP-01-40856282","UKSUADVHOPAKV03","keyvault","UKSUADVHOPRSG02","ADVHOP","Ranjan.Shantilal@gds.ey.com","40856282","used","True","UKSPHOPOMSOMS01","no","Enabled","Not compliant"
"EY-CTSBP-PROD-Advisory-HOP-01-40856282","UKSUADVHOPAKV04","keyvault","UKSUADVHOPRSG04","HOP00C","Ranjan.Shantilal@gds.ey.com","40856282","used","True","UKSPHOPOMSOMS01","no","Enabled","Not compliant"
"EY-CTSBP-PROD-Advisory-HOP-01-40856282","UKSEADVHOPAKV03","keyvault","UKSEADVHOPRSG03","HOP00D","Ranjan.Shantilal@gds.ey.com","40856282","used","True","UKSPHOPOMSOMS01","no","Enabled","Not compliant"
"EY-CTSBP-PROD-Advisory-HOP-01-40856282","UKSPHOP00EAKV01","keyvault","UKSPHOP00ERSG01","HOP00D","Ranjan.Shantilal@gds.ey.com","40856282","used","True","UKSPHOPOMSOMS01","no","Enabled","Not compliant"
"EY-CTSBP-PROD-Advisory-HOP-01-40856282","UKSUHOP00FAKV01","keyvault","UKSUHOP00FRSG01","HOP00F","Ranjan.Shantilal@gds.ey.com","40856282","used","True","UKSPHOPOMSOMS01","no","Enabled","Not compliant"
"EY-CTSBP-PROD-Advisory-HOP-01-40856282","UKSPHOP00GAKV01","keyvault","UKSPHOP00GRSG01","HOP00G","Ranjan.Shantilal@gds.ey.com","40856282","used","True","UKSPHOPOMSOMS01","no","Enabled","Not compliant"
"EY-CTSBP-PROD-Advisory-HOP-01-40856282","UKSUADVHOPAKV03","keyvault","UKSUADVHOPRSG02","ADVHOP","Ranjan.Shantilal@gds.ey.com","40856282","used","True","UKSPHOPOMSOMS01","no","Enabled","Not compliant"
"EY-CTSBP-PROD-Advisory-HOP-01-40856282","UKSUADVHOPAKV04","keyvault","UKSUADVHOPRSG04","HOP00C","Ranjan.Shantilal@gds.ey.com","40856282","used","True","UKSPHOPOMSOMS01","no","Enabled","Not compliant"
"EY-CTSBP-PROD-Advisory-HOP-01-40856282","UKSEADVHOPAKV03","keyvault","UKSEADVHOPRSG03","HOP00D","Ranjan.Shantilal@gds.ey.com","40856282","used","True","UKSPHOPOMSOMS01","no","Enabled","Not compliant"
"EY-CTSBP-PROD-Advisory-HOP-01-40856282","UKSPHOP00EAKV01","keyvault","UKSPHOP00ERSG01","HOP00D","Ranjan.Shantilal@gds.ey.com","40856282","used","True","UKSPHOPOMSOMS01","no","Enabled","Not compliant"
"EY-CTSBP-PROD-Advisory-HOP-01-40856282","UKSUHOP00FAKV01","keyvault","UKSUHOP00FRSG01","HOP00F","Ranjan.Shantilal@gds.ey.com","40856282","used","True","UKSPHOPOMSOMS01","no","Enabled","Not compliant"
"EY-CTSBP-PROD-Advisory-HOP-01-40856282","UKSPHOP00GAKV01","keyvault","UKSPHOP00GRSG01","HOP00G","Ranjan.Shantilal@gds.ey.com","40856282","used","True","UKSPHOPOMSOMS01","no","Enabled","Not compliant"
"EY-CTSBP-PROD-Advisory-HOP-01-40856282","UKSUADVHOPAKV03","keyvault","UKSUADVHOPRSG02","ADVHOP","Ranjan.Shantilal@gds.ey.com","40856282","used","True","UKSPHOPOMSOMS01","no","Enabled","Not compliant"
"EY-CTSBP-PROD-Advisory-HOP-01-40856282","UKSUADVHOPAKV04","keyvault","UKSUADVHOPRSG04","HOP00C","Ranjan.Shantilal@gds.ey.com","40856282","used","True","UKSPHOPOMSOMS01","no","Enabled","Not compliant"
"EY-CTSBP-PROD-Advisory-HOP-01-40856282","UKSEADVHOPAKV03","keyvault","UKSEADVHOPRSG03","HOP00D","Ranjan.Shantilal@gds.ey.com","40856282","used","True","UKSPHOPOMSOMS01","no","Enabled","Not compliant"
"EY-CTSBP-PROD-Advisory-HOP-01-40856282","UKSPHOP00EAKV01","keyvault","UKSPHOP00ERSG01","HOP00D","Ranjan.Shantilal@gds.ey.com","40856282","used","True","UKSPHOPOMSOMS01","no","Enabled","Not compliant"
"EY-CTSBP-PROD-Advisory-HOP-01-40856282","UKSUHOP00FAKV01","keyvault","UKSUHOP00FRSG01","HOP00F","Ranjan.Shantilal@gds.ey.com","40856282","used","True","UKSPHOPOMSOMS01","no","Enabled","Not compliant"
"EY-CTSBP-PROD-Advisory-HOP-01-40856282","UKSPHOP00GAKV01","keyvault","UKSPHOP00GRSG01","HOP00G","Ranjan.Shantilal@gds.ey.com","40856282","used","True","UKSPHOPOMSOMS01","no","Enabled","Not compliant"
"EY-CTSBP-PROD-Advisory-HOP-01-40856282","UKSUADVHOPAKV03","keyvault","UKSUADVHOPRSG02","ADVHOP","Ranjan.Shantilal@gds.ey.com","40856282","used","True","UKSPHOPOMSOMS01","no","Enabled","Not compliant"
"EY-CTSBP-PROD-Advisory-HOP-01-40856282","UKSUADVHOPAKV04","keyvault","UKSUADVHOPRSG04","HOP00C","Ranjan.Shantilal@gds.ey.com","40856282","used","True","UKSPHOPOMSOMS01","no","Enabled","Not compliant"
"EY-CTSBP-PROD-Advisory-HOP-01-40856282","UKSEADVHOPAKV03","keyvault","UKSEADVHOPRSG03","HOP00D","Ranjan.Shantilal@gds.ey.com","40856282","used","True","UKSPHOPOMSOMS01","no","Enabled","Not compliant"
"EY-CTSBP-PROD-Advisory-HOP-01-40856282","UKSPHOP00EAKV01","keyvault","UKSPHOP00ERSG01","HOP00D","Ranjan.Shantilal@gds.ey.com","40856282","used","True","UKSPHOPOMSOMS01","no","Enabled","Not compliant"
"EY-CTSBP-PROD-Advisory-HOP-01-40856282","UKSUHOP00FAKV01","keyvault","UKSUHOP00FRSG01","HOP00F","Ranjan.Shantilal@gds.ey.com","40856282","used","True","UKSPHOPOMSOMS01","no","Enabled","Not compliant"
"EY-CTSBP-PROD-Advisory-HOP-01-40856282","UKSPHOP00GAKV01","keyvault","UKSPHOP00GRSG01","HOP00G","Ranjan.Shantilal@gds.ey.com","40856282","used","True","UKSPHOPOMSOMS01","no","Enabled","Not compliant"
"EY-CTSBP-PROD-Advisory-HOP-01-40856282","UKSUADVHOPAKV03","keyvault","UKSUADVHOPRSG02","ADVHOP","Ranjan.Shantilal@gds.ey.com","40856282","used","True","UKSPHOPOMSOMS01","no","Enabled","Not compliant"
