{
    "keyvault": [
        {
            "subscription": "EY-CTSBP-PROD-Advisory-HOP-01-40856282",
            "keyvault_name": "UKSUADVHOPAKV04",
            "type": "keyvault",
            "resource_group": "UKSUADVHOPRSG04",
            "deployment_id": "HOP00C",
            "owner": "Ranjan.Shantilal@gds.ey.com",
            "engagement_id": "40856282",
            "building_block": "used",
            "keyvault_softdelete": true,
            "oms_id": "UKSPHOPOMSOMS01",
            "oms_deviation": "no",
            "log_diagnositcs": "Enabled",
            "metric_diagnostics": "Not compliant"
        },
        {
            "subscription": "EY-CTSBP-PROD-Advisory-HOP-01-40856282",
            "keyvault_name": "UKSEADVHOPAKV03",
            "type": "keyvault",
            "resource_group": "UKSEADVHOPRSG03",
            "deployment_id": "HOP00D",
            "owner": "Ranjan.Shantilal@gds.ey.com",
            "engagement_id": "40856282",
            "building_block": "used",
            "keyvault_softdelete": true,
            "oms_id": "UKSPHOPOMSOMS01",
            "oms_deviation": "no",
            "log_diagnositcs": "Enabled",
            "metric_diagnostics": "Not compliant"
        },
        {
            "subscription": "EY-CTSBP-PROD-Advisory-HOP-01-40856282",
            "keyvault_name": "UKSPHOP00EAKV01",
            "type": "keyvault",
            "resource_group": "UKSPHOP00ERSG01",
            "deployment_id": "HOP00D",
            "owner": "Ranjan.Shantilal@gds.ey.com",
            "engagement_id": "40856282",
            "building_block": "used",
            "keyvault_softdelete": true,
            "oms_id": "UKSPHOPOMSOMS01",
            "oms_deviation": "no",
            "log_diagnositcs": "Enabled",
            "metric_diagnostics": "Not compliant"
        },
        {
            "subscription": "EY-CTSBP-PROD-Advisory-HOP-01-40856282",
            "keyvault_name": "UKSUHOP00FAKV01",
            "type": "keyvault",
            "resource_group": "UKSUHOP00FRSG01",
            "deployment_id": "HOP00F",
            "owner": "Ranjan.Shantilal@gds.ey.com",
            "engagement_id": "40856282",
            "building_block": "used",
            "keyvault_softdelete": true,
            "oms_id": "UKSPHOPOMSOMS01",
            "oms_deviation": "no",
            "log_diagnositcs": "Enabled",
            "metric_diagnostics": "Not compliant"
        },
        {
            "subscription": "EY-CTSBP-PROD-Advisory-HOP-01-40856282",
            "keyvault_name": "UKSPHOP00GAKV01",
            "type": "keyvault",
            "resource_group": "UKSPHOP00GRSG01",
            "deployment_id": "HOP00G",
            "owner": "Ranjan.Shantilal@gds.ey.com",
            "engagement_id": "40856282",
            "building_block": "used",
            "keyvault_softdelete": true,
            "oms_id": "UKSPHOPOMSOMS01",
            "oms_deviation": "no",
            "log_diagnositcs": "Enabled",
            "metric_diagnostics": "Not compliant"
        },
        {
            "subscription": "EY-CTSBP-PROD-Advisory-HOP-01-40856282",
            "keyvault_name": "UKSUADVHOPAKV03",
            "type": "keyvault",
            "resource_group": "UKSUADVHOPRSG02",
            "deployment_id": "ADVHOP",
            "owner": "Ranjan.Shantilal@gds.ey.com",
            "engagement_id": "40856282",
            "building_block": "used",
            "keyvault_softdelete": true,
            "oms_id": "UKSPHOPOMSOMS01",
            "oms_deviation": "no",
            "log_diagnositcs": "Enabled",
            "metric_diagnostics": "Not compliant"
        }
    ],
    "storageaccount": [
        {
            "subscription": "EY-CTSBP-PROD-Advisory-HOP-01-40856282",
            "storage_account": "uksdadvhopsta03",
            "type": "storage containers",
            "resource_group": "UKSUADVHOPRSG04",
            "deployment_id": "HOP00C",
            "owner": "Ranjan.Shantilal@gds.ey.com",
            "engagement_id": "40856282",
            "building_block": "used",
            "oms_id": "Diagnostics not applicable",
            "container_name": "vulnerability-assessment",
            "public_access": "Off"
        },
        {
            "subscription": "EY-CTSBP-PROD-Advisory-HOP-01-40856282",
            "storage_account": "uksuadvhopsta04",
            "type": "storage containers",
            "resource_group": "UKSUADVHOPRSG04",
            "deployment_id": "HOP00C",
            "owner": "Ranjan.Shantilal@gds.ey.com",
            "engagement_id": "40856282",
            "building_block": "used",
            "oms_id": "Diagnostics not applicable",
            "container_name": "vulnerability-assessment",
            "public_access": "Off"
        },
        {
            "subscription": "EY-CTSBP-PROD-Advisory-HOP-01-40856282",
            "storage_account": "uksuhop00csta01",
            "type": "storage containers",
            "resource_group": "UKSUADVHOPRSG04",
            "deployment_id": "HOP00C",
            "owner": "Ranjan.Shantilal@gds.ey.com",
            "engagement_id": "40856282",
            "building_block": "used",
            "oms_id": "Diagnostics not applicable",
            "container_name": "vulnerability-assessment",
            "public_access": "Off"
        },
        {
            "subscription": "EY-CTSBP-PROD-Advisory-HOP-01-40856282",
            "storage_account": "ukseadvhopsta02",
            "type": "storage containers",
            "resource_group": "UKSEADVHOPRSG03",
            "deployment_id": "HOP00D",
            "owner": "Ranjan.Shantilal@gds.ey.com",
            "engagement_id": "40856282",
            "building_block": "used",
            "oms_id": "Diagnostics not applicable",
            "container_name": "vulnerability-assessment",
            "public_access": "Off"
        },
        {
            "subscription": "EY-CTSBP-PROD-Advisory-HOP-01-40856282",
            "storage_account": "ukseadvhopsta03",
            "type": "storage containers",
            "resource_group": "UKSEADVHOPRSG03",
            "deployment_id": "HOP00D",
            "owner": "Ranjan.Shantilal@gds.ey.com",
            "engagement_id": "40856282",
            "building_block": "used",
            "oms_id": "Diagnostics not applicable",
            "container_name": "scm-releases",
            "public_access": "Off"
        },
        {
            "subscription": "EY-CTSBP-PROD-Advisory-HOP-01-40856282",
            "storage_account": "uksuhop00dsta01",
            "type": "storage containers",
            "resource_group": "UKSEADVHOPRSG03",
            "deployment_id": "HOP00D",
            "owner": "Ranjan.Shantilal@gds.ey.com",
            "engagement_id": "40856282",
            "building_block": "used",
            "oms_id": "Diagnostics not applicable"
        },
        {
            "subscription": "EY-CTSBP-PROD-Advisory-HOP-01-40856282",
            "storage_account": "uksphop00esta01",
            "type": "storage containers",
            "resource_group": "UKSPHOP00ERSG01",
            "deployment_id": "HOP00E",
            "owner": "Ranjan.Shantilal@gds.ey.com",
            "engagement_id": "40856282",
            "building_block": "used",
            "oms_id": "Diagnostics not applicable",
            "container_name": "vulnerability-assessment",
            "public_access": "Off"
        },
        {
            "subscription": "EY-CTSBP-PROD-Advisory-HOP-01-40856282",
            "storage_account": "uksphop00esta02",
            "type": "storage containers",
            "resource_group": "UKSPHOP00ERSG01",
            "deployment_id": "HOP00E",
            "owner": "Ranjan.Shantilal@gds.ey.com",
            "engagement_id": "40856282",
            "building_block": "used",
            "oms_id": "Diagnostics not applicable"
        },
        {
            "subscription": "EY-CTSBP-PROD-Advisory-HOP-01-40856282",
            "storage_account": "uksuhop00fsta01",
            "type": "storage containers",
            "resource_group": "UKSUHOP00FRSG01",
            "deployment_id": "HOP00J",
            "owner": "Ranjan.Shantilal@gds.ey.com",
            "engagement_id": "40856282",
            "building_block": "used",
            "oms_id": "Diagnostics not applicable",
            "container_name": "vulnerability-assessment",
            "public_access": "Off"
        },
        {
            "subscription": "EY-CTSBP-PROD-Advisory-HOP-01-40856282",
            "storage_account": "uksuhop00fsta02",
            "type": "storage containers",
            "resource_group": "UKSUHOP00FRSG01",
            "deployment_id": "HOP00F",
            "owner": "Ranjan.Shantilal@gds.ey.com",
            "engagement_id": "40856282",
            "building_block": "used",
            "oms_id": "Diagnostics not applicable"
        },
        {
            "subscription": "EY-CTSBP-PROD-Advisory-HOP-01-40856282",
            "storage_account": "uksuhop00fsta03",
            "type": "storage containers",
            "resource_group": "UKSUHOP00FRSG01",
            "deployment_id": "HOP00F",
            "owner": "Ranjan.Shantilal@gds.ey.com",
            "engagement_id": "40856282",
            "building_block": "used",
            "oms_id": "Diagnostics not applicable",
            "container_name": "azure-webjobs-secrets",
            "public_access": "Off"
        },
        {
            "subscription": "EY-CTSBP-PROD-Advisory-HOP-01-40856282",
            "storage_account": "uksphop00gsta01",
            "type": "storage containers",
            "resource_group": "UKSPHOP00GRSG01",
            "deployment_id": "HOP00K",
            "owner": "Ranjan.Shantilal@gds.ey.com",
            "engagement_id": "40856282",
            "building_block": "used",
            "oms_id": "Diagnostics not applicable",
            "container_name": "vulnerability-assessment",
            "public_access": "Off"
        },
        {
            "subscription": "EY-CTSBP-PROD-Advisory-HOP-01-40856282",
            "storage_account": "uksphop00gsta02",
            "type": "storage containers",
            "resource_group": "UKSPHOP00GRSG01",
            "deployment_id": "HOP00G",
            "owner": "Ranjan.Shantilal@gds.ey.com",
            "engagement_id": "40856282",
            "building_block": "used",
            "oms_id": "Diagnostics not applicable"
        },
        {
            "subscription": "EY-CTSBP-PROD-Advisory-HOP-01-40856282",
            "storage_account": "uksphop00gsta03",
            "type": "storage containers",
            "resource_group": "UKSPHOP00GRSG01",
            "deployment_id": "HOP00G",
            "owner": "Ranjan.Shantilal@gds.ey.com",
            "engagement_id": "40856282",
            "building_block": "used",
            "oms_id": "Diagnostics not applicable",
            "container_name": "azure-webjobs-secrets",
            "public_access": "Off"
        },
        {
            "subscription": "EY-CTSBP-PROD-Advisory-HOP-01-40856282",
            "storage_account": "storageaccountuksua9793",
            "type": "storage containers",
            "resource_group": "uksuadvhoprsg02",
            "deployment_id": "",
            "owner": "",
            "engagement_id": "",
            "building_block": "Possibly not",
            "oms_id": "Diagnostics not applicable",
            "container_name": "azure-webjobs-secrets",
            "public_access": "Off"
        },
        {
            "subscription": "EY-CTSBP-PROD-Advisory-HOP-01-40856282",
            "storage_account": "uksuadvhopsta02",
            "type": "storage containers",
            "resource_group": "UKSUADVHOPRSG02",
            "deployment_id": "ADVHOP",
            "owner": "Ranjan.Shantilal@gds.ey.com",
            "engagement_id": "40856282",
            "building_block": "Possibly not",
            "oms_id": "Diagnostics not applicable",
            "container_name": "vulnerability-assessment",
            "public_access": "Off"
        },
        {
            "subscription": "EY-CTSBP-PROD-Advisory-HOP-01-40856282",
            "storage_account": "uksuadvhopsta03",
            "type": "storage containers",
            "resource_group": "uksuadvhoprsg02",
            "deployment_id": "",
            "owner": "",
            "engagement_id": "",
            "building_block": "Possibly not",
            "oms_id": "Diagnostics not applicable",
            "container_name": "hopusermanual",
            "public_access": "Off"
        }
    ]
}